Manufacturer,Split Type,Nominal Cooling (kW),Heating Capacity (kW),Maximum Reduced Duty (kW),Max Number of Connected In-door Units (Multi-split only),Model Number,Height (mm),Width (mm),Depth (mm),Phase,Max Fuse Size (Amp),Connection Pipe Liquid,Connection Pipe Gas,Connection Pipe Gas 2,Connection Pipe Gas 3,Max Pipe Length Individual (m),Max Pipe Length Total (m),Min Pipe Run (m),Max Height Difference (m),Additional Grams Per Meter (g/m),Pre-Charge Length (m),Pre-Charge (kg),Refrigerant,Retail Price (£),Discount (%),Trade Price (£),Unit Photo,PDF,Web Link
Daikin,Multi Split,4,4.2,6,2,2MXM40A9,552,852,350,Single Phase,16,1/4 Inch (6.35mm),3/8 Inch (9.53mm),,,20,30,0,15,0,0,0.88,R32,1581,34,1043.46,https://cdn.prod.website-files.com/68791e956444d53d9ef94535/688a927c18c5eab31ba459b6_2-5MXM-A9.png,https://cdn.prod.website-files.com/68791e956444d53d9ef94535/687fc03ee423c78e7175058b_multisplit.pdf,https://www.daikin.co.uk/en_gb/products/product.html/2MXM-A9.html
Daikin,Multi Split,5,5.6,9,2,2MXM50A9,552,852,350,Single Phase,16,1/4 Inch (6.35mm),3/8 Inch (9.53mm),,,20,30,0,15,0,0,1.15,R32,1749,34,1154.34,https://cdn.prod.website-files.com/68791e956444d53d9ef94535/688a927c18c5eab31ba459b6_2-5MXM-A9.png,https://cdn.prod.website-files.com/68791e956444d53d9ef94535/687fc03ee423c78e7175058b_multisplit.pdf,https://www.daikin.co.uk/en_gb/products/product.html/2MXM-A9.html
Daikin,Multi Split,6.8,8.6,10,2,2MXM68A9,734,974,408,Single Phase,20,1/4 Inch (6.35mm),3/8 Inch (9.53mm),1/2 Inch (12.7mm),,25,50,0,15,0,0,2,R32,2098,34,1384.68,https://cdn.prod.website-files.com/68791e956444d53d9ef94535/688a927c18c5eab31ba459b6_2-5MXM-A9.png,https://cdn.prod.website-files.com/68791e956444d53d9ef94535/687fc03ee423c78e7175058b_multisplit.pdf,https://www.daikin.co.uk/en_gb/products/product.html/2MXM-A9.html
Daikin,Multi Split,4,4.6,7,3,3MXM40A9,734,974,408,Single Phase,16,1/4 Inch (6.35mm),3/8 Inch (9.53mm),1/2 Inch (12.7mm),,25,50,0,15,0,0,1.8,R32,1648,34,1087.68,https://cdn.prod.website-files.com/68791e956444d53d9ef94535/688a927c18c5eab31ba459b6_2-5MXM-A9.png,https://cdn.prod.website-files.com/68791e956444d53d9ef94535/687fc03ee423c78e7175058b_multisplit.pdf,https://cdn.prod.website-files.com/68791e956444d53d9ef94535/687fc03ee423c78e7175058b_multisplit.pdf
Daikin,Multi Split,5.2,6.8,8.5,3,3MXM52A9,734,974,408,Single Phase,20,1/4 Inch (6.35mm),3/8 Inch (9.53mm),1/2 Inch (12.7mm),,25,50,0,15,0,0,1.8,R32,1831,34,1208.46,https://cdn.prod.website-files.com/68791e956444d53d9ef94535/688a927c18c5eab31ba459b6_2-5MXM-A9.png,https://cdn.prod.website-files.com/68791e956444d53d9ef94535/687fc03ee423c78e7175058b_multisplit.pdf,https://cdn.prod.website-files.com/68791e956444d53d9ef94535/687fc03ee423c78e7175058b_multisplit.pdf
Daikin,Multi Split,6.8,8.6,11,3,3MXM68A9,734,974,408,Single Phase,20,1/4 Inch (6.35mm),3/8 Inch (9.53mm),1/2 Inch (12.7mm),,25,50,0,15,0,0,2,R32,2594,34,1712.04,https://cdn.prod.website-files.com/68791e956444d53d9ef94535/688a927c18c5eab31ba459b6_2-5MXM-A9.png,https://cdn.prod.website-files.com/68791e956444d53d9ef94535/687fc03ee423c78e7175058b_multisplit.pdf,https://cdn.prod.website-files.com/68791e956444d53d9ef94535/687fc03ee423c78e7175058b_multisplit.pdf
Daikin,Multi Split,6.8,8.6,12,4,4MXM68A9,734,974,408,Single Phase,20,1/4 Inch (6.35mm),3/8 Inch (9.53mm),1/2 Inch (12.7mm),,25,60,0,15,0,0,2,R32,2796,34,1845.36,https://cdn.prod.website-files.com/68791e956444d53d9ef94535/688a927c18c5eab31ba459b6_2-5MXM-A9.png,https://cdn.prod.website-files.com/68791e956444d53d9ef94535/687fc03ee423c78e7175058b_multisplit.pdf,https://cdn.prod.website-files.com/68791e956444d53d9ef94535/687fc03ee423c78e7175058b_multisplit.pdf
Daikin,Multi Split,8,9.6,14,4,4MXM80A9,734,974,408,Single Phase,25,1/4 Inch (6.35mm),3/8 Inch (9.53mm),1/2 Inch (12.7mm),5/8 Inch (15.88mm),25,70,0,15,0,0,2.4,R32,3148,34,2077.68,https://cdn.prod.website-files.com/68791e956444d53d9ef94535/688a927c18c5eab31ba459b6_2-5MXM-A9.png,https://cdn.prod.website-files.com/68791e956444d53d9ef94535/687fc03ee423c78e7175058b_multisplit.pdf,https://cdn.prod.website-files.com/68791e956444d53d9ef94535/687fc03ee423c78e7175058b_multisplit.pdf
Daikin,Multi Split,9,10,15,5,5MXM90A9,734,974,408,Single Phase,32,1/4 Inch (6.35mm),3/8 Inch (9.53mm),1/2 Inch (12.7mm),5/8 Inch (15.88mm),25,75,0,15,0,0,2.4,R32,3389,34,2236.74,https://cdn.prod.website-files.com/68791e956444d53d9ef94535/688a927c18c5eab31ba459b6_2-5MXM-A9.png,https://cdn.prod.website-files.com/68791e956444d53d9ef94535/687fc03ee423c78e7175058b_multisplit.pdf,https://cdn.prod.website-files.com/68791e956444d53d9ef94535/687fc03ee423c78e7175058b_multisplit.pdf
Mitsubishi Electric,Multi Split,3.3,4,3.8,2,MXZ-2F33VF4,550,800,285,Single Phase,16,,,,,15,15,0,10,0,0,0.8,R32,835,26,617.90,https://cdn.prod.website-files.com/68791e956444d53d9ef94535/6887a610d7511fad5f57aa2f_1-3.png,https://cdn.prod.website-files.com/68791e956444d53d9ef94535/687fc09e34f205acd985804a_mitsu-Multi.pdf,https://cdn.prod.website-files.com/68791e956444d53d9ef94535/687fc09e34f205acd985804a_mitsu-Multi.pdf
Mitsubishi Electric,Multi Split,4.2,4.5,4.4,2,MXZ-2F42VF4,550,800,285,Single Phase,16,,,,,20,20,0,15,0,0,1,R32,986,26,729.64,https://cdn.prod.website-files.com/68791e956444d53d9ef94535/6887a610d7511fad5f57aa2f_1-3.png,https://cdn.prod.website-files.com/68791e956444d53d9ef94535/687fc09e34f205acd985804a_mitsu-Multi.pdf,https://cdn.prod.website-files.com/68791e956444d53d9ef94535/687fc09e34f205acd985804a_mitsu-Multi.pdf
Mitsubishi Electric,Multi Split,5.3,6.4,5.6,2,MXZ-2F53VF4,550,800,285,Single Phase,16,,,,,20,20,0,15,0,0,1,R32,1180,26,873.20,https://cdn.prod.website-files.com/68791e956444d53d9ef94535/6887a610d7511fad5f57aa2f_1-3.png,https://cdn.prod.website-files.com/68791e956444d53d9ef94535/687fc09e34f205acd985804a_mitsu-Multi.pdf,https://cdn.prod.website-files.com/68791e956444d53d9ef94535/687fc09e34f205acd985804a_mitsu-Multi.pdf
Mitsubishi Electric,Multi Split,5.4,7,6.8,3,MXZ-3F54VF4,710,840,330,Single Phase,25,,,,,25,25,0,15,0,0,2.4,R32,1373,26,1016.02,https://cdn.prod.website-files.com/68791e956444d53d9ef94535/6887a622f70739ec9afc9ffa_4.png,https://cdn.prod.website-files.com/68791e956444d53d9ef94535/687fc09e34f205acd985804a_mitsu-Multi.pdf,https://cdn.prod.website-files.com/68791e956444d53d9ef94535/687fc09e34f205acd985804a_mitsu-Multi.pdf
Mitsubishi Electric,Multi Split,6.8,8.6,8.4,3,MXZ-3F68VF4,710,840,330,Single Phase,25,,,,,25,25,0,15,0,0,2.4,R32,1863,26,1378.62,https://cdn.prod.website-files.com/68791e956444d53d9ef94535/6887a622f70739ec9afc9ffa_4.png,https://cdn.prod.website-files.com/68791e956444d53d9ef94535/687fc09e34f205acd985804a_mitsu-Multi.pdf,https://cdn.prod.website-files.com/68791e956444d53d9ef94535/687fc09e34f205acd985804a_mitsu-Multi.pdf
Mitsubishi Electric,Multi Split,7.2,8.6,8.8,4,MXZ-4F72VF4,710,840,330,Single Phase,25,,,,,25,25,0,15,0,0,2.4,R32,2034,26,1505.16,https://cdn.prod.website-files.com/68791e956444d53d9ef94535/6887a622f70739ec9afc9ffa_4.png,https://cdn.prod.website-files.com/68791e956444d53d9ef94535/687fc09e34f205acd985804a_mitsu-Multi.pdf,https://cdn.prod.website-files.com/68791e956444d53d9ef94535/687fc09e34f205acd985804a_mitsu-Multi.pdf
Mitsubishi Electric,Multi Split,8.3,9.3,9.2,4,MXZ-4F83VF2,796,950,330,Single Phase,25,,,,,25,25,0,15,0,0,2.4,R32,2516,26,1861.84,https://cdn.prod.website-files.com/68791e956444d53d9ef94535/688a93a10a1c5fca3cb12e84_Multi-4-5.png,https://cdn.prod.website-files.com/68791e956444d53d9ef94535/687fc09e34f205acd985804a_mitsu-Multi.pdf,https://cdn.prod.website-files.com/68791e956444d53d9ef94535/687fc09e34f205acd985804a_mitsu-Multi.pdf
Mitsubishi Electric,Multi Split,10.2,10.5,11,5,MXZ-5F102VF2,796,950,330,Single Phase,25,,,,,25,25,0,15,0,0,2.4,R32,2814,26,2082.36,https://cdn.prod.website-files.com/68791e956444d53d9ef94535/688a93a10a1c5fca3cb12e84_Multi-4-5.png,https://cdn.prod.website-files.com/68791e956444d53d9ef94535/687fc09e34f205acd985804a_mitsu-Multi.pdf,https://cdn.prod.website-files.com/68791e956444d53d9ef94535/687fc09e34f205acd985804a_mitsu-Multi.pdf
Mitsubishi Electric,Multi Split,12,14,13.5,6,MXZ-6F120VF2,1048,950,330,Single Phase,32,,,,,25,80,0,15,0,0,2.4,R32,3666,26,2712.84,https://cdn.prod.website-files.com/68791e956444d53d9ef94535/688a93a10a1c5fca3cb12e84_Multi-4-5.png,https://cdn.prod.website-files.com/68791e956444d53d9ef94535/687fc09e34f205acd985804a_mitsu-Multi.pdf,https://cdn.prod.website-files.com/68791e956444d53d9ef94535/687fc09e34f205acd985804a_mitsu-Multi.pdf
Fujitsu,Multi Split,4,4.4,4.6,2,AOEG14KBCA2,542,799,290,Single Phase,16,,,,,20,30,0,15,0,0,0.9,R32,1165,50,582.50,https://cdn.prod.website-files.com/68791e956444d53d9ef94535/687fc46cea0f403311a11dc5_aoyg14kbta.png,https://cdn.prod.website-files.com/68791e956444d53d9ef94535/687fc0d56dc9d9b2f9c75b73_fuji-Multi.pdf,https://webstore.uk.fujitsu-general.com/AOYG14KBTA2
Fujitsu,Multi Split,5,5.6,5.8,2,AOEG18KBCA2,632,799,290,Single Phase,20,,,,,20,30,0,15,0,0,1.02,R32,1367,50,683.50,https://cdn.prod.website-files.com/68791e956444d53d9ef94535/687fc46c3642daabd3510b43_aoyg18kbta.png,https://cdn.prod.website-files.com/68791e956444d53d9ef94535/687fc0d56dc9d9b2f9c75b73_fuji-Multi.pdf,https://webstore.uk.fujitsu-general.com/AOYG18KBTA2
Fujitsu,Multi Split,5.4,6.8,7,3,AOEG18KBCA3,716,820,315,Single Phase,22,,,,,25,50,0,15,0,0,1.8,R32,1903,50,951.50,https://cdn.prod.website-files.com/68791e956444d53d9ef94535/687fc46c3642daabd3510b43_aoyg18kbta.png,https://cdn.prod.website-files.com/68791e956444d53d9ef94535/687fc0d56dc9d9b2f9c75b73_fuji-Multi.pdf,https://webstore.uk.fujitsu-general.com/AOYG18KBTA3
Fujitsu,Multi Split,6.8,8,8.5,3,AOEG24KBCA3,716,820,315,Single Phase,28,,,,,25,50,0,15,0,0,1.8,R32,1979,50,989.50,https://cdn.prod.website-files.com/68791e956444d53d9ef94535/687fc46c592f7e7bbd4f5d67_aoyg24kbta.png,https://cdn.prod.website-files.com/68791e956444d53d9ef94535/687fc0d56dc9d9b2f9c75b73_fuji-Multi.pdf,https://webstore.uk.fujitsu-general.com/AOYG24KBTA3
Fujitsu,Multi Split,8,9.6,10.1,4,AOEG30KBTA4,884,820,315,Single Phase,32,,,,,25,70,0,15,0,0,2.2,R32,2694,50,1347.00,https://cdn.prod.website-files.com/68791e956444d53d9ef94535/687fc46c066c48de91bf8b12_aoyg36kbta.png,https://cdn.prod.website-files.com/68791e956444d53d9ef94535/687fc0d56dc9d9b2f9c75b73_fuji-Multi.pdf,https://webstore.uk.fujitsu-general.com/AOYG30KBTA4
Fujitsu,Multi Split,9.5,10.6,11,5,AOEG36KBTA5,844,820,315,Single Phase,40,,,,,25,75,0,15,0,0,2.5,R32,3476,50,1738.00,https://cdn.prod.website-files.com/68791e956444d53d9ef94535/687fc46c066c48de91bf8b12_aoyg36kbta.png,https://cdn.prod.website-files.com/68791e956444d53d9ef94535/687fc0d56dc9d9b2f9c75b73_fuji-Multi.pdf,https://webstore.uk.fujitsu-general.com/AOYG36KBTA5