Manufacturer,Split Type,Nominal Cooling (kW),Heating Capacity (kW),Max Number of Connected In-door Units (Multi-split only),Model Number,Width (mm),Depth (mm),Height (mm),Phase,Max Fuse Size (Amp),Max Input Current,Connection Pipe Liquid,Connection Pipe Gas,Max Pipe Length (m),Min Pipe Length (m),Max Height Difference (m),Additional Grams Per Meter (g/m),Pre-Charge Length (m),Pre-Charge (kg),Refrigerant,Retail Price (£),Discount (%),Trade Price (£),Unit Photo,PDF,Web Link
Fujitsu,Single Split,2,2.5,,AOEH07KMCG,799,290,542,Single Phase,10,,1/4 Inch (6.35mm),3/8 Inch (9.53mm),20,3,15,20,15,0.75,R32,561,50,280.50,https://cdn.prod.website-files.com/68791e956444d53d9ef94535/6888958c0522df17afdb53a0_AOEH-KMTB.png,https://cdn.prod.website-files.com/68791e956444d53d9ef94535/687a49b9f40b131745622506_5.pdf,https://webstore.uk.fujitsu-general.com/AOYG07KGCA
Fujitsu,Single Split,2.5,2.8,,AOEH09KMCG,799,290,542,Single Phase,10,,1/4 Inch (6.35mm),3/8 Inch (9.53mm),20,3,15,20,15,0.75,R32,582,50,291.00,https://cdn.prod.website-files.com/68791e956444d53d9ef94535/6888958c0522df17afdb53a0_AOEH-KMTB.png,https://cdn.prod.website-files.com/68791e956444d53d9ef94535/687a49b9f40b131745622506_5.pdf,https://webstore.uk.fujitsu-general.com/AOYG07KGCA
Fujitsu,Single Split,3.4,4,,AOEH12KMCG,799,290,542,Single Phase,10,,1/4 Inch (6.35mm),3/8 Inch (9.53mm),20,3,15,20,15,0.85,R32,678,50,339.00,https://cdn.prod.website-files.com/68791e956444d53d9ef94535/6888958c0522df17afdb53a0_AOEH-KMTB.png,https://cdn.prod.website-files.com/68791e956444d53d9ef94535/687a49b9f40b131745622506_5.pdf,https://webstore.uk.fujitsu-general.com/AOYG07KGCA
Fujitsu,Single Split,4.2,5.4,,AOEH14KMCG,799,290,542,Single Phase,10,,1/4 Inch (6.35mm),3/8 Inch (9.53mm),20,3,15,20,15,0.85,R32,831,50,415.50,https://cdn.prod.website-files.com/68791e956444d53d9ef94535/688a8f628c14a12c4f97a804_aoeg18kata_0.jpg,https://cdn.prod.website-files.com/68791e956444d53d9ef94535/687a49b9f40b131745622506_5.pdf,https://webstore.uk.fujitsu-general.com/AOYG07KGCA
Fujitsu,Single Split,5.2,6.3,,AOEG18KMTA,799,290,632,Single Phase,16,,1/4 Inch (6.35mm),1/2 Inch (12.7mm),25,3,20,20,15,1.02,R32,895,50,447.50,https://cdn.prod.website-files.com/68791e956444d53d9ef94535/68889567293afd880e909650_AOEH-24-KMTB.png,https://cdn.prod.website-files.com/68791e956444d53d9ef94535/687a49b9f9598317e76d391d_6.pdf,https://webstore.uk.fujitsu-general.com/AOYG18KMTA
Fujitsu,Single Split,7.1,8,,AOEG24KMTA ,820,315,716,Single Phase,20,,1/4 Inch (6.35mm),1/2 Inch (12.7mm),30,3,25,20,15,1.32,R32,1147,50,573.50,https://cdn.prod.website-files.com/68791e956444d53d9ef94535/68889567293afd880e909650_AOEH-24-KMTB.png,https://cdn.prod.website-files.com/68791e956444d53d9ef94535/687a49b9f9598317e76d391d_6.pdf,https://webstore.uk.fujitsu-general.com/AOYG24KMTA
Fujitsu,Single Split,8,10.1,,AOEH30KMTB,940,320,788,Single Phase,25,,3/8 Inch (9.53mm),5/8 Inch (15.88mm),50,3,30,40,30,1.9,R32,1485,50,742.50,https://cdn.prod.website-files.com/68791e956444d53d9ef94535/68889567293afd880e909650_AOEH-24-KMTB.png,https://cdn.prod.website-files.com/68791e956444d53d9ef94535/687a49b9f9598317e76d391d_6.pdf,https://webstore.uk.fujitsu-general.com/AOYH30KMTB
Fujitsu,Single Split,9.4,8.8,,AOEH36KMTB,940,320,788,Single Phase,25,,3/8 Inch (9.53mm),5/8 Inch (15.88mm),50,3,30,40,30,1.9,R32,1684,50,842.00,https://cdn.prod.website-files.com/68791e956444d53d9ef94535/68889567293afd880e909650_AOEH-24-KMTB.png,https://cdn.prod.website-files.com/68791e956444d53d9ef94535/687a49b9f9598317e76d391d_6.pdf,https://webstore.uk.fujitsu-general.com/AOYH36KMTB
Fujitsu,Single Split,2.5,2.8,,AOEH09KHCBN,799,290,542,Single Phase,10,,1/4 Inch (6.35mm),3/8 Inch (9.53mm),20,3,15,20,15,0.75,R32,1120,50,560.00,https://cdn.prod.website-files.com/68791e956444d53d9ef94535/688a8f628c14a12c4f97a804_aoeg18kata_0.jpg,https://cdn.prod.website-files.com/68791e956444d53d9ef94535/687a49b905518feb13a19964_7.pdf,https://webstore.uk.fujitsu-general.com/AOYG07KGCA
Fujitsu,Single Split,3.4,4,,AOEH12KHCBN,799,290,542,Single Phase,10,,1/4 Inch (6.35mm),3/8 Inch (9.53mm),20,3,15,20,15,0.85,R32,1216,50,608.00,https://cdn.prod.website-files.com/68791e956444d53d9ef94535/688a8f628c14a12c4f97a804_aoeg18kata_0.jpg,https://cdn.prod.website-files.com/68791e956444d53d9ef94535/687a49b905518feb13a19964_7.pdf,https://webstore.uk.fujitsu-general.com/AOYG07KGCA
Fujitsu,Single Split,4.2,5.4,,AOEH14KHCBN,799,290,542,Single Phase,10,,1/4 Inch (6.35mm),3/8 Inch (9.53mm),20,3,15,20,15,0.85,R32,1297,50,648.50,https://cdn.prod.website-files.com/68791e956444d53d9ef94535/688a8f628c14a12c4f97a804_aoeg18kata_0.jpg,https://cdn.prod.website-files.com/68791e956444d53d9ef94535/687a49b905518feb13a19964_7.pdf,https://webstore.uk.fujitsu-general.com/AOYG07KGCA
Fujitsu,Single Split,2.5,3.2,,AOEG09KATA,663,290,541,Single Phase,10,,1/4 Inch (6.35mm),3/8 Inch (9.53mm),15,3,15,0,15,0.6,R32,667,50,333.50,https://cdn.prod.website-files.com/68791e956444d53d9ef94535/6888958c0522df17afdb53a0_AOEH-KMTB.png,https://cdn.prod.website-files.com/68791e956444d53d9ef94535/687a49b9d9f1775feab5628a_8.pdf,https://webstore.uk.fujitsu-general.com/AOYG09KATA
Fujitsu,Single Split,3.5,4.1,,AOEG12KATA ,663,290,541,Single Phase,10,,1/4 Inch (6.35mm),3/8 Inch (9.53mm),15,3,15,0,15,0.7,R32,686,50,343.00,https://cdn.prod.website-files.com/68791e956444d53d9ef94535/6888958c0522df17afdb53a0_AOEH-KMTB.png,https://cdn.prod.website-files.com/68791e956444d53d9ef94535/687a49b9d9f1775feab5628a_8.pdf,https://webstore.uk.fujitsu-general.com/AOYG12KATA
Fujitsu,Single Split,4.3,5,,AOEG14KATA,799,290,542,Single Phase,16,,1/4 Inch (6.35mm),3/8 Inch (9.53mm),20,3,15,20,15,0.85,R32,811,50,405.50,https://cdn.prod.website-files.com/68791e956444d53d9ef94535/6888958c0522df17afdb53a0_AOEH-KMTB.png,https://cdn.prod.website-files.com/68791e956444d53d9ef94535/687a49b9d9f1775feab5628a_8.pdf,https://webstore.uk.fujitsu-general.com/AOYG14KATA
Fujitsu,Single Split,5.2,6,,AOEG18KATA ,799,290,542,Single Phase,16,,1/4 Inch (6.35mm),1/2 Inch (12.7mm),20,3,15,20,15,0.9,R32,951,50,475.50,https://cdn.prod.website-files.com/68791e956444d53d9ef94535/688a8f628c14a12c4f97a804_aoeg18kata_0.jpg,https://cdn.prod.website-files.com/68791e956444d53d9ef94535/687a49b9d9f1775feab5628a_8.pdf,https://webstore.uk.fujitsu-general.com/AOYG18KATA
Fujitsu,Single Split,6,7,,AOEG22KATA ,799,290,632,Single Phase,16,,1/4 Inch (6.35mm),1/2 Inch (12.7mm),25,3,20,20,15,1.1,R32,1050,50,525.00,https://cdn.prod.website-files.com/68791e956444d53d9ef94535/6888958c0522df17afdb53a0_AOEH-KMTB.png,https://cdn.prod.website-files.com/68791e956444d53d9ef94535/687a49b9d9f1775feab5628a_8.pdf,https://webstore.uk.fujitsu-general.com/AOYG22KATA
Fujitsu,Single Split,2.5,3.2,,AOEG09KBTB ,799,290,542,Single Phase,10,,1/4 Inch (6.35mm),3/8 Inch (9.53mm),20,3,15,20,15,0.85,R32,861,50,430.50,https://cdn.prod.website-files.com/68791e956444d53d9ef94535/688a8f628c14a12c4f97a804_aoeg18kata_0.jpg,https://cdn.prod.website-files.com/68791e956444d53d9ef94535/687a49b95beaadb461813ceb_9.pdf,https://webstore.uk.fujitsu-general.com/AOYG09KBTB
Fujitsu,Single Split,3.5,4.1,,AOEG12KBTB,799,290,542,Single Phase,10,,1/4 Inch (6.35mm),3/8 Inch (9.53mm),25,3,20,20,15,0.85,R32,910,50,455.00,https://cdn.prod.website-files.com/68791e956444d53d9ef94535/688a8f628c14a12c4f97a804_aoeg18kata_0.jpg,https://cdn.prod.website-files.com/68791e956444d53d9ef94535/687a49b95beaadb461813ceb_9.pdf,https://webstore.uk.fujitsu-general.com/AOYG12KBTB
Fujitsu,Single Split,4.3,5,,AOEG14KBTB,799,290,542,Single Phase,16,,1/4 Inch (6.35mm),3/8 Inch (9.53mm),25,3,20,20,15,0.85,R32,1063,50,531.50,https://cdn.prod.website-files.com/68791e956444d53d9ef94535/688a8f628c14a12c4f97a804_aoeg18kata_0.jpg,https://cdn.prod.website-files.com/68791e956444d53d9ef94535/687a49b95beaadb461813ceb_9.pdf,https://webstore.uk.fujitsu-general.com/AOYG14KBTB
Fujitsu,Single Split,5.2,6,,AOEG18KBTB,799,290,632,Single Phase,16,,1/4 Inch (6.35mm),1/2 Inch (12.7mm),30,3,20,20,20,1.02,R32,1257,50,628.50,https://cdn.prod.website-files.com/68791e956444d53d9ef94535/6888958c0522df17afdb53a0_AOEH-KMTB.png,https://cdn.prod.website-files.com/68791e956444d53d9ef94535/687a49b95beaadb461813ceb_9.pdf,https://webstore.uk.fujitsu-general.com/AOYG18KBTB
Fujitsu,Single Split,6,7,,AOEG22KBTB,799,290,632,Single Phase,16,,1/4 Inch (6.35mm),1/2 Inch (12.7mm),30,3,25,20,20,1.25,R32,1408,50,704.00,https://cdn.prod.website-files.com/68791e956444d53d9ef94535/6888958c0522df17afdb53a0_AOEH-KMTB.png,https://cdn.prod.website-files.com/68791e956444d53d9ef94535/687a49b95beaadb461813ceb_9.pdf,https://webstore.uk.fujitsu-general.com/AOYG22KBTB
Fujitsu,Single Split,6.8,7.5,,AOEG24KBTB,820,315,716,Single Phase,16,,1/4 Inch (6.35mm),1/2 Inch (12.7mm),30,3,25,20,20,1.25,R32,1538,50,769.00,https://cdn.prod.website-files.com/68791e956444d53d9ef94535/6888958c0522df17afdb53a0_AOEH-KMTB.png,https://cdn.prod.website-files.com/68791e956444d53d9ef94535/687a49b95beaadb461813ceb_9.pdf,https://webstore.uk.fujitsu-general.com/AOYG24KBTB
Fujitsu,Single Split,8.5,10,,AOEG30KATA,940,320,788,Single Phase,20,,3/8 Inch (9.53mm),5/8 Inch (15.88mm),30,3,30,0,30,1.9,R32,1367,50,683.50,https://cdn.prod.website-files.com/68791e956444d53d9ef94535/68889567293afd880e909650_AOEH-24-KMTB.png,https://cdn.prod.website-files.com/68791e956444d53d9ef94535/687a49b9232d87e72f87ef96_10.pdf,https://webstore.uk.fujitsu-general.com/AOYG30KATA
Fujitsu,Single Split,9.5,10.8,,AOEG36KATA,940,320,788,Single Phase,25,,3/8 Inch (9.53mm),5/8 Inch (15.88mm),30,3,30,0,30,1.9,R32,1749,50,874.50,https://cdn.prod.website-files.com/68791e956444d53d9ef94535/68889567293afd880e909650_AOEH-24-KMTB.png,https://cdn.prod.website-files.com/68791e956444d53d9ef94535/687a49b9232d87e72f87ef96_10.pdf,https://webstore.uk.fujitsu-general.com/AOYG36KATA
Fujitsu,Single Split,12.1,13.5,,AOEG45KATA ,940,320,998,Single Phase,32,,3/8 Inch (9.53mm),5/8 Inch (15.88mm),30,3,30,0,30,2.4,R32,1916,50,958.00,https://cdn.prod.website-files.com/68791e956444d53d9ef94535/68889573a50cda6a89027fd6_AOEG-50-KATA.png,https://cdn.prod.website-files.com/68791e956444d53d9ef94535/687a49b9232d87e72f87ef96_10.pdf,https://webstore.uk.fujitsu-general.com/AOYG45KATA
Fujitsu,Single Split,13.4,15.5,,AOEG54KATA,940,320,998,Single Phase,32,,3/8 Inch (9.53mm),5/8 Inch (15.88mm),30,3,30,0,30,2.4,R32,1946,50,973.00,https://cdn.prod.website-files.com/68791e956444d53d9ef94535/68889573a50cda6a89027fd6_AOEG-50-KATA.png,https://cdn.prod.website-files.com/68791e956444d53d9ef94535/687a49b9232d87e72f87ef96_10.pdf,https://webstore.uk.fujitsu-general.com/AOYG54KATA
Fujitsu,Single Split,5.2,6,,AOEG18KBTB,799,290,632,Single Phase,16,,1/4 Inch (6.35mm),1/2 Inch (12.7mm),30,3,20,20,20,1.02,R32,1257,50,628.50,https://cdn.prod.website-files.com/68791e956444d53d9ef94535/6888958c0522df17afdb53a0_AOEH-KMTB.png,https://cdn.prod.website-files.com/68791e956444d53d9ef94535/687a49b9a11437f891e1302c_11.pdf,https://webstore.uk.fujitsu-general.com/AOYG18KBTB
Fujitsu,Single Split,8.5,10,,AOEG30KBTB,940,320,788,Single Phase,25,,3/8 Inch (9.53mm),5/8 Inch (15.88mm),50,3,30,40,30,1.9,R32,1851,50,925.50,https://cdn.prod.website-files.com/68791e956444d53d9ef94535/68889567293afd880e909650_AOEH-24-KMTB.png,https://cdn.prod.website-files.com/68791e956444d53d9ef94535/687a49b9a11437f891e1302c_11.pdf,https://webstore.uk.fujitsu-general.com/AOYG30KBTB
Fujitsu,Single Split,9.5,10.8,,AOEG36KBTB,940,320,788,Single Phase,25,,3/8 Inch (9.53mm),5/8 Inch (15.88mm),50,3,30,40,30,1.9,R32,2283,50,1141.50,https://cdn.prod.website-files.com/68791e956444d53d9ef94535/68889567293afd880e909650_AOEH-24-KMTB.png,https://cdn.prod.website-files.com/68791e956444d53d9ef94535/687a49b9a11437f891e1302c_11.pdf,https://webstore.uk.fujitsu-general.com/AOYG36KBTB
Fujitsu,Single Split,12.1,13.5,,AOEG45KBTB ,940,320,998,Single Phase,32,,3/8 Inch (9.53mm),5/8 Inch (15.88mm),50,3,30,40,30,2.7,R32,2442,50,1221.00,https://cdn.prod.website-files.com/68791e956444d53d9ef94535/68889573a50cda6a89027fd6_AOEG-50-KATA.png,https://cdn.prod.website-files.com/68791e956444d53d9ef94535/687a49b9a11437f891e1302c_11.pdf,https://webstore.uk.fujitsu-general.com/AOYG45KBTB
Fujitsu,Single Split,13.4,15.5,,AOEG54KBTB,940,320,998,Single Phase,32,,3/8 Inch (9.53mm),5/8 Inch (15.88mm),50,3,30,40,30,2.7,R32,2525,50,1262.50,https://cdn.prod.website-files.com/68791e956444d53d9ef94535/68889573a50cda6a89027fd6_AOEG-50-KATA.png,https://cdn.prod.website-files.com/68791e956444d53d9ef94535/687a49b9a11437f891e1302c_11.pdf,https://webstore.uk.fujitsu-general.com/AOYG54KBTB
Fujitsu,Single Split,6.8,7.5,,AOEG24KATA,799,290,632,Single Phase,16,,1/4 Inch (6.35mm),1/2 Inch (12.7mm),25,3,20,20,20,1.25,R32,1159,50,579.50,https://cdn.prod.website-files.com/68791e956444d53d9ef94535/6888958c0522df17afdb53a0_AOEH-KMTB.png,https://cdn.prod.website-files.com/68791e956444d53d9ef94535/687a49b9b7dd73f5b3e271d6_16.pdf,https://webstore.uk.fujitsu-general.com/AOYG24KATA
Fujitsu,Single Split,2.6,3.5,,AOEG09KVCA,799,290,542,Single Phase,10,,1/4 Inch (6.35mm),3/8 Inch (9.53mm),20,3,15,20,15,0.85,R32,915,50,457.50,https://cdn.prod.website-files.com/68791e956444d53d9ef94535/688a8f628c14a12c4f97a804_aoeg18kata_0.jpg,https://cdn.prod.website-files.com/68791e956444d53d9ef94535/687a49b9ad1768252bb47bf7_19.pdf,https://webstore.uk.fujitsu-general.com/AOYG09KVCA
Fujitsu,Single Split,3.5,4.5,,AOEG12KVCA,799,290,542,Single Phase,10,,1/4 Inch (6.35mm),3/8 Inch (9.53mm),20,3,15,20,15,0.85,R32,1021,50,510.50,https://cdn.prod.website-files.com/68791e956444d53d9ef94535/6888958c0522df17afdb53a0_AOEH-KMTB.png,https://cdn.prod.website-files.com/68791e956444d53d9ef94535/687a49b9ad1768252bb47bf7_19.pdf,https://webstore.uk.fujitsu-general.com/AOYG12KVCA
Fujitsu,Single Split,4.2,5.2,,AOEG14KVCA,799,290,632,Single Phase,16,,1/4 Inch (6.35mm),3/8 Inch (9.53mm),20,3,15,20,15,0.94,R32,1184,50,592.00,https://cdn.prod.website-files.com/68791e956444d53d9ef94535/6888958c0522df17afdb53a0_AOEH-KMTB.png,https://cdn.prod.website-files.com/68791e956444d53d9ef94535/687a49b9ad1768252bb47bf7_19.pdf,https://webstore.uk.fujitsu-general.com/AOYG14KVCA
Daikin,Single Split,2,2.5,,RXJ20A9 ,840,350,552,Single Phase,10,,1/4 Inch (6.35mm),3/8 Inch (9.53mm),20,0,15,20,20,0.76,R32,821,34,541.86,https://cdn.prod.website-files.com/68791e956444d53d9ef94535/688a8f8e89a7429dd8d25c85_RXJ20-35A.jpg,https://cdn.prod.website-files.com/68791e956444d53d9ef94535/68791ee50f00f6ba4ed692b1_21.pdf,https://www.daikin.co.uk/en_gb/products/product.html/FTXJ-AW9.html
Daikin,Single Split,2.5,2.8,,RXJ25A9,840,350,552,Single Phase,13,,1/4 Inch (6.35mm),3/8 Inch (9.53mm),20,0,15,20,20,0.76,R32,865,34,570.90,https://cdn.prod.website-files.com/68791e956444d53d9ef94535/688a8f8e89a7429dd8d25c85_RXJ20-35A.jpg,https://cdn.prod.website-files.com/68791e956444d53d9ef94535/68791ee50f00f6ba4ed692b1_21.pdf,https://www.daikin.co.uk/en_gb/products/product.html/FTXJ-AW9.html
Daikin,Single Split,3.4,4,,RXJ35A9,840,350,552,Single Phase,13,,1/4 Inch (6.35mm),3/8 Inch (9.53mm),20,0,15,20,20,0.76,R32,1004,34,662.64,https://cdn.prod.website-files.com/68791e956444d53d9ef94535/688a8f8e89a7429dd8d25c85_RXJ20-35A.jpg,https://cdn.prod.website-files.com/68791e956444d53d9ef94535/68791ee50f00f6ba4ed692b1_21.pdf,https://www.daikin.co.uk/en_gb/products/product.html/FTXJ-AW9.html
Daikin,Single Split,4.2,5.4,,RXJ42A9,954,408,734,Single Phase,13,,1/4 Inch (6.35mm),1/2 Inch (12.7mm),30,0,20,20,30,1.1,R32,1145,34,755.70,https://cdn.prod.website-files.com/68791e956444d53d9ef94535/688a8f8e1e3dd692b139d83f_RXA-A8.jpg,https://cdn.prod.website-files.com/68791e956444d53d9ef94535/68791ee50f00f6ba4ed692b1_21.pdf,https://www.daikin.co.uk/en_gb/products/product.html/FTXJ-AW9.html
Daikin,Single Split,5,5.8,,RXJ50A9,954,408,734,Single Phase,13,,1/4 Inch (6.35mm),1/2 Inch (12.7mm),30,0,20,20,30,1.1,R32,1353,34,892.98,https://cdn.prod.website-files.com/68791e956444d53d9ef94535/688a8f8e1e3dd692b139d83f_RXA-A8.jpg,https://cdn.prod.website-files.com/68791e956444d53d9ef94535/68791ee50f00f6ba4ed692b1_21.pdf,https://www.daikin.co.uk/en_gb/products/product.html/FTXJ-AW9.html
Daikin,Single Split,2,2.5,,RXA20A8,840,350,550,Single Phase,10,,1/4 Inch (6.35mm),3/8 Inch (9.53mm),20,0,20,20,10,0.76,R32,782,34,516.12,https://cdn.prod.website-files.com/68791e956444d53d9ef94535/688a8f8e1e3dd692b139d83f_RXA-A8.jpg,https://cdn.prod.website-files.com/68791e956444d53d9ef94535/68791ee53e9ec706e1bf8f06_22.pdf,https://www.daikin.co.uk/en_gb/products/product.html/FTXA-CW.html
Daikin,Single Split,2.5,2.8,,RXA25A8,840,350,550,Single Phase,13,,1/4 Inch (6.35mm),3/8 Inch (9.53mm),20,0,20,20,10,0.76,R32,824,34,543.84,https://cdn.prod.website-files.com/68791e956444d53d9ef94535/688a8f8e1e3dd692b139d83f_RXA-A8.jpg,https://cdn.prod.website-files.com/68791e956444d53d9ef94535/68791ee53e9ec706e1bf8f06_22.pdf,https://www.daikin.co.uk/en_gb/products/product.html/FTXA-CW.html
Daikin,Single Split,3.4,4,,RXA35A8,840,350,550,Single Phase,13,,1/4 Inch (6.35mm),3/8 Inch (9.53mm),20,0,20,20,10,0.76,R32,956,34,630.96,https://cdn.prod.website-files.com/68791e956444d53d9ef94535/688a8f8e1e3dd692b139d83f_RXA-A8.jpg,https://cdn.prod.website-files.com/68791e956444d53d9ef94535/68791ee53e9ec706e1bf8f06_22.pdf,https://www.daikin.co.uk/en_gb/products/product.html/FTXA-CW.html
Daikin,Single Split,4.2,5.4,,RXA42B8,870,373,734,Single Phase,16,,1/4 Inch (6.35mm),3/8 Inch (9.53mm),30,0,30,20,10,1.1,R32,1091,34,720.06,https://cdn.prod.website-files.com/68791e956444d53d9ef94535/688a8f8ebe5af1470cb616e5_RXA-B8.jpg,https://cdn.prod.website-files.com/68791e956444d53d9ef94535/68791ee53e9ec706e1bf8f06_22.pdf,https://www.daikin.co.uk/en_gb/products/product.html/FTXA-CW.html
Daikin,Single Split,5,5.8,,RXA50B8,870,373,734,Single Phase,16,,1/4 Inch (6.35mm),1/2 Inch (12.7mm),30,0,30,20,10,1.1,R32,1286,34,848.76,https://cdn.prod.website-files.com/68791e956444d53d9ef94535/688a8f8ebe5af1470cb616e5_RXA-B8.jpg,https://cdn.prod.website-files.com/68791e956444d53d9ef94535/68791ee53e9ec706e1bf8f06_22.pdf,https://www.daikin.co.uk/en_gb/products/product.html/FTXA-CW.html
Daikin,Single Split,3.5,4,,RZAG35B ,870,373,734,Single Phase,16,,1/4 Inch (6.35mm),1/2 Inch (12.7mm),50,0,30,20,30,1.55,R32,1194,34,788.04,https://cdn.prod.website-files.com/68791e956444d53d9ef94535/688a8f8ebe5af1470cb616e5_RXA-B8.jpg,https://cdn.prod.website-files.com/68791e956444d53d9ef94535/68791ee5ab891a7a7e9dd1ff_23.pdf,https://www.daikin.co.uk/en_gb/products/product.html/FTXM-A.html
Daikin,Single Split,5,6,,RZAG50B ,870,373,734,Single Phase,16,,1/4 Inch (6.35mm),1/2 Inch (12.7mm),50,0,30,20,30,1.55,R32,1457,34,961.62,https://cdn.prod.website-files.com/68791e956444d53d9ef94535/688a8f8ebe5af1470cb616e5_RXA-B8.jpg,https://cdn.prod.website-files.com/68791e956444d53d9ef94535/68791ee5ab891a7a7e9dd1ff_23.pdf,https://www.daikin.co.uk/en_gb/products/product.html/FTXM-A.html
Daikin,Single Split,6,7,,RZAG60B,870,373,734,Single Phase,16,,1/4 Inch (6.35mm),1/2 Inch (12.7mm),50,0,30,20,30,1.55,R32,1596,34,1053.36,https://cdn.prod.website-files.com/68791e956444d53d9ef94535/688a8f8ebe5af1470cb616e5_RXA-B8.jpg,https://cdn.prod.website-files.com/68791e956444d53d9ef94535/68791ee5ab891a7a7e9dd1ff_23.pdf,https://www.daikin.co.uk/en_gb/products/product.html/FTXM-A.html
Daikin,Single Split,2,2.5,,RXM20A ,923,367,510,Single Phase,10,,1/4 Inch (6.35mm),3/8 Inch (9.53mm),20,0,15,20,10,0.95,R32,640,34,422.40,https://cdn.prod.website-files.com/68791e956444d53d9ef94535/688a8f8e6c5f970a0c634bf5_RXM-A.jpg,https://cdn.prod.website-files.com/68791e956444d53d9ef94535/68791ee504b837eb7e9d96e7_24.pdf,https://www.daikin.co.uk/en_gb/products/product.html/FTXM-A.html
Daikin,Single Split,2.6,2.8,,RXM25A9 ,923,367,510,Single Phase,13,,1/4 Inch (6.35mm),3/8 Inch (9.53mm),20,0,15,20,10,0.95,R32,695,34,458.70,https://cdn.prod.website-files.com/68791e956444d53d9ef94535/688a8f8e6c5f970a0c634bf5_RXM-A.jpg,https://cdn.prod.website-files.com/68791e956444d53d9ef94535/68791ee504b837eb7e9d96e7_24.pdf,https://www.daikin.co.uk/en_gb/products/product.html/FTXM-A.html
Daikin,Single Split,3.5,4,,RXM35A9 ,923,367,510,Single Phase,13,,1/4 Inch (6.35mm),3/8 Inch (9.53mm),20,0,15,20,10,0.95,R32,808,34,533.28,https://cdn.prod.website-files.com/68791e956444d53d9ef94535/688a8f8e6c5f970a0c634bf5_RXM-A.jpg,https://cdn.prod.website-files.com/68791e956444d53d9ef94535/68791ee504b837eb7e9d96e7_24.pdf,https://www.daikin.co.uk/en_gb/products/product.html/FTXM-A.html
Daikin,Single Split,4.2,5.4,,RXM42A ,923,367,510,Single Phase,13,,1/4 Inch (6.35mm),3/8 Inch (9.53mm),30,0,20,20,10,0.95,R32,911,34,601.26,https://cdn.prod.website-files.com/68791e956444d53d9ef94535/688a8f8e6c5f970a0c634bf5_RXM-A.jpg,https://cdn.prod.website-files.com/68791e956444d53d9ef94535/68791ee504b837eb7e9d96e7_24.pdf,https://www.daikin.co.uk/en_gb/products/product.html/FTXM-A.html
Daikin,Single Split,5,5.8,,RXM50A8 ,923,367,510,Single Phase,13,,1/4 Inch (6.35mm),1/2 Inch (12.7mm),30,0,20,20,10,0.95,R32,1013,34,668.58,https://cdn.prod.website-files.com/68791e956444d53d9ef94535/688a8f8e6c5f970a0c634bf5_RXM-A.jpg,https://cdn.prod.website-files.com/68791e956444d53d9ef94535/68791ee504b837eb7e9d96e7_24.pdf,https://www.daikin.co.uk/en_gb/products/product.html/FTXM-A.html
Daikin,Single Split,6,7,,RXM60A ,954,401,734,Single Phase,16,,1/4 Inch (6.35mm),1/2 Inch (12.7mm),30,0,20,20,10,1.15,R32,1078,34,711.48,https://cdn.prod.website-files.com/68791e956444d53d9ef94535/688a8f8e6c5f970a0c634bf5_RXM-A.jpg,https://cdn.prod.website-files.com/68791e956444d53d9ef94535/68791ee504b837eb7e9d96e7_24.pdf,https://www.daikin.co.uk/en_gb/products/product.html/FTXM-A.html
Daikin,Single Split,7.1,8.2,,RXM71A,954,401,734,Single Phase,20,,1/4 Inch (6.35mm),5/8 Inch (15.88mm),30,0,20,20,10,1.15,R32,1479,34,976.14,https://cdn.prod.website-files.com/68791e956444d53d9ef94535/688a8f8e6c5f970a0c634bf5_RXM-A.jpg,https://cdn.prod.website-files.com/68791e956444d53d9ef94535/68791ee504b837eb7e9d96e7_24.pdf,https://www.daikin.co.uk/en_gb/products/product.html/FTXM-A.html
Daikin,Single Split,2,2.5,,RXP20N9 ,740,343,556,Single Phase,16,,1/4 Inch (6.35mm),3/8 Inch (9.53mm),20,0,20,20,10,0.55,R32,491,34,324.06,https://cdn.prod.website-files.com/68791e956444d53d9ef94535/688a8f8ed46fba51230cdd31_RXF-F.jpg,https://cdn.prod.website-files.com/68791e956444d53d9ef94535/68791ee5dedf988d3995d6c1_25.pdf,https://www.daikin.co.uk/en_gb/products/product.html/FTXP-N9.html
Daikin,Single Split,2.5,3,,RXP25N9 ,740,343,556,Single Phase,16,,1/4 Inch (6.35mm),3/8 Inch (9.53mm),20,0,20,20,10,0.55,R32,523,34,345.18,https://cdn.prod.website-files.com/68791e956444d53d9ef94535/688a8f8ed46fba51230cdd31_RXF-F.jpg,https://cdn.prod.website-files.com/68791e956444d53d9ef94535/68791ee5dedf988d3995d6c1_25.pdf,https://www.daikin.co.uk/en_gb/products/product.html/FTXP-N9.html
Daikin,Single Split,3.5,4,,RXP35N9 ,740,343,556,Single Phase,16,,1/4 Inch (6.35mm),3/8 Inch (9.53mm),20,0,20,20,10,0.7,R32,607,34,400.62,https://cdn.prod.website-files.com/68791e956444d53d9ef94535/688a8f8ed46fba51230cdd31_RXF-F.jpg,https://cdn.prod.website-files.com/68791e956444d53d9ef94535/68791ee5dedf988d3995d6c1_25.pdf,https://www.daikin.co.uk/en_gb/products/product.html/FTXP-N9.html
Daikin,Single Split,5,6,,RXP50N8 ,923,367,610,Single Phase,13,,1/4 Inch (6.35mm),1/2 Inch (12.7mm),30,0,30,20,10,0.9,R32,790,34,521.40,https://cdn.prod.website-files.com/68791e956444d53d9ef94535/688a8f8ed46fba51230cdd31_RXF-F.jpg,https://cdn.prod.website-files.com/68791e956444d53d9ef94535/68791ee5dedf988d3995d6c1_25.pdf,https://www.daikin.co.uk/en_gb/products/product.html/FTXP-N9.html
Daikin,Single Split,6,7,,RXP60N9 ,954,401,734,Single Phase,16,,1/4 Inch (6.35mm),1/2 Inch (12.7mm),30,0,30,20,10,1.15,R32,842,34,555.72,https://cdn.prod.website-files.com/68791e956444d53d9ef94535/688a8f8ed46fba51230cdd31_RXF-F.jpg,https://cdn.prod.website-files.com/68791e956444d53d9ef94535/68791ee5dedf988d3995d6c1_25.pdf,https://www.daikin.co.uk/en_gb/products/product.html/FTXP-N.html
Daikin,Single Split,7.1,8.2,,RXP71N9,954,401,734,Single Phase,16,,1/4 Inch (6.35mm),1/2 Inch (12.7mm),30,0,30,20,10,1.15,R32,1211,34,799.26,https://cdn.prod.website-files.com/68791e956444d53d9ef94535/688a8f8ed46fba51230cdd31_RXF-F.jpg,https://cdn.prod.website-files.com/68791e956444d53d9ef94535/68791ee5dedf988d3995d6c1_25.pdf,https://www.daikin.co.uk/en_gb/products/product.html/FTXP-N.html
Daikin,Single Split,6.8,7.5,,RZAG71NV1 ,1100,460,870,Single Phase,20,,3/8 Inch (9.53mm),5/8 Inch (15.88mm),55,0,30,35,40,3.2,R32,1888,34,1246.08,https://cdn.prod.website-files.com/68791e956444d53d9ef94535/688a8f8ebc2ffe6bf0ed71c9_RZAG-NV1.jpg,https://cdn.prod.website-files.com/68791e956444d53d9ef94535/68791ee5c97fd5edeff52ec9_27.pdf,https://www.daikin.co.uk/en_gb/products/product.html/FAA-B.html
Daikin,Single Split,9.5,10.8,,RZAG100NV1 ,1100,460,870,Single Phase,32,,3/8 Inch (9.53mm),5/8 Inch (15.88mm),85,0,30,35,40,3.2,R32,2395,34,1580.70,https://cdn.prod.website-files.com/68791e956444d53d9ef94535/688a8f8ebc2ffe6bf0ed71c9_RZAG-NV1.jpg,https://cdn.prod.website-files.com/68791e956444d53d9ef94535/68791ee5c97fd5edeff52ec9_27.pdf,https://www.daikin.co.uk/en_gb/products/product.html/FAA-B.html
Daikin,Single Split,6.8,7.5,,RZASG71MV1,900,320,770,Single Phase,20,,3/8 Inch (9.53mm),5/8 Inch (15.88mm),50,0,30,35,50,2.45,R32,1300,34,858.00,https://cdn.prod.website-files.com/68791e956444d53d9ef94535/688a9077fb559f040b756f6d_cq5dam.web.1280.1280.jpg,https://cdn.prod.website-files.com/68791e956444d53d9ef94535/68791ee5bc8445842aeedd90_28.pdf,https://www.daikin.co.uk/en_gb/products/product.html/FAA-B.html
Daikin,Single Split,9.5,10.8,,RZASG100MV,940,320,990,Single Phase,25,,3/8 Inch (9.53mm),5/8 Inch (15.88mm),50,0,30,35,50,2.6,R32,1798,34,1186.68,https://cdn.prod.website-files.com/68791e956444d53d9ef94535/688a9077fb559f040b756f6d_cq5dam.web.1280.1280.jpg,https://cdn.prod.website-files.com/68791e956444d53d9ef94535/68791ee5bc8445842aeedd90_28.pdf,https://www.daikin.co.uk/en_gb/products/product.html/FAA-B.html
Daikin,Single Split,6.8,7.5,,ARXM71A ,954,401,734,Single Phase,16,,3/8 Inch (9.53mm),5/8 Inch (15.88mm),30,0,20,35,10,1.15,R32,1133,34,747.78,https://cdn.prod.website-files.com/68791e956444d53d9ef94535/688a8f8ebe5af1470cb616e5_RXA-B8.jpg,https://cdn.prod.website-files.com/68791e956444d53d9ef94535/68791ee57f9e8c8d796d2136_29.pdf,https://www.daikin.co.uk/en_gb/products/product.html/FAA-B.html
Daikin,Single Split,9.5,10.8,,AZAS100MV ,940,320,990,Single Phase,25,,3/8 Inch (9.53mm),5/8 Inch (15.88mm),30,0,30,0,30,2.6,R32,1392,34,918.72,https://cdn.prod.website-files.com/68791e956444d53d9ef94535/688a8f8e51dde7a788f214b7_AZAS-MV.jpg,https://cdn.prod.website-files.com/68791e956444d53d9ef94535/68791ee57f9e8c8d796d2136_29.pdf,https://www.daikin.co.uk/en_gb/products/product.html/FAA-B.html
Daikin,Single Split,12.1,13.5,,RZAG125NV1,1100,460,870,Single Phase,32,,3/8 Inch (9.53mm),5/8 Inch (15.88mm),85,0,30,35,40,3.7,R32,2637,34,1740.42,https://cdn.prod.website-files.com/68791e956444d53d9ef94535/688a8f8ebc2ffe6bf0ed71c9_RZAG-NV1.jpg,https://cdn.prod.website-files.com/68791e956444d53d9ef94535/68791ee59e5236624b13aeff_37.pdf,https://www.daikin.co.uk/en_gb/products/product.html/FCAHG-H.html
Daikin,Single Split,13.4,15.5,,RZAG140NV1,1100,460,870,Single Phase,32,,3/8 Inch (9.53mm),5/8 Inch (15.88mm),85,0,30,35,40,3.7,R32,3010,34,1986.60,https://cdn.prod.website-files.com/68791e956444d53d9ef94535/688a8f8ebc2ffe6bf0ed71c9_RZAG-NV1.jpg,https://cdn.prod.website-files.com/68791e956444d53d9ef94535/68791ee59e5236624b13aeff_37.pdf,https://www.daikin.co.uk/en_gb/products/product.html/FCAHG-H.html
Daikin,Single Split,12.1,13.5,,RZASG125MV,940,320,990,Single Phase,32,,3/8 Inch (9.53mm),5/8 Inch (15.88mm),50,0,30,35,30,2.6,R32,1971,34,1300.86,https://cdn.prod.website-files.com/68791e956444d53d9ef94535/688a8f8ebc2ffe6bf0ed71c9_RZAG-NV1.jpg,https://cdn.prod.website-files.com/68791e956444d53d9ef94535/68791ee5fbf811ae68765902_38.pdf,https://www.daikin.co.uk/en_gb/products/product.html/FCAG-B.html
Daikin,Single Split,13.4,15.5,,RZASG140MV,940,320,990,Single Phase,32,,3/8 Inch (9.53mm),5/8 Inch (15.88mm),50,0,30,35,30,2.9,R32,2193,34,1447.38,https://cdn.prod.website-files.com/68791e956444d53d9ef94535/688a8f8ebc2ffe6bf0ed71c9_RZAG-NV1.jpg,https://cdn.prod.website-files.com/68791e956444d53d9ef94535/68791ee5fbf811ae68765902_38.pdf,https://www.daikin.co.uk/en_gb/products/product.html/FCAG-B.html
Daikin,Single Split,12.1,13.5,,AZAS125MV ,940,320,990,Single Phase,32,,3/8 Inch (9.53mm),5/8 Inch (15.88mm),30,0,30,0,30,2.6,R32,1562,34,1030.92,https://cdn.prod.website-files.com/68791e956444d53d9ef94535/688a8f8e51dde7a788f214b7_AZAS-MV.jpg,https://cdn.prod.website-files.com/68791e956444d53d9ef94535/68791ee69e5236624b13b083_60.pdf,https://www.daikin.co.uk/en_gb/products/product.html/FVA-A.html
Daikin,Single Split,13.4,15.5,,AZAS140MV ,940,320,990,Single Phase,32,,3/8 Inch (9.53mm),5/8 Inch (15.88mm),30,0,30,0,30,2.9,R32,1749,34,1154.34,https://cdn.prod.website-files.com/68791e956444d53d9ef94535/688a8f8e51dde7a788f214b7_AZAS-MV.jpg,https://cdn.prod.website-files.com/68791e956444d53d9ef94535/68791ee69e5236624b13b083_60.pdf,https://www.daikin.co.uk/en_gb/products/product.html/FVA-A.html
Mitsubishi Electric,Single Split,2.5,3.2,,MUZ-EF25VG,800,285,550,Single Phase,10,,1/4 Inch (6.35mm),3/8 Inch (9.53mm),20,0,12,0.26,0,0.62,R32,472,26,349.28,https://cdn.prod.website-files.com/68791e956444d53d9ef94535/688894a30b6cdbbf052c376c_MUZ-LN-20.jpg,https://cdn.prod.website-files.com/68791e956444d53d9ef94535/687fbe3d2b4ed9e10ef6ac9e_13.pdf,https://cdn.prod.website-files.com/68791e956444d53d9ef94535/687fbe3d2b4ed9e10ef6ac9e_13.pdf
Mitsubishi Electric,Single Split,3.5,4,,MUZ-EF35VG,800,285,550,Single Phase,10,,1/4 Inch (6.35mm),3/8 Inch (9.53mm),20,0,12,0.26,0,0.74,R32,550,26,407.00,https://cdn.prod.website-files.com/68791e956444d53d9ef94535/688894a30b6cdbbf052c376c_MUZ-LN-20.jpg,https://cdn.prod.website-files.com/68791e956444d53d9ef94535/687fbe3d2b4ed9e10ef6ac9e_13.pdf,https://cdn.prod.website-files.com/68791e956444d53d9ef94535/687fbe3d2b4ed9e10ef6ac9e_13.pdf
Mitsubishi Electric,Single Split,5,5.8,,MUZ-EF50VG,800,285,714,Single Phase,16,,1/4 Inch (6.35mm),3/8 Inch (9.53mm),30,0,15,0.46,0,1.05,R32,832,26,615.68,https://cdn.prod.website-files.com/68791e956444d53d9ef94535/688894997bc856b81205e603_MUZ-LN-30.jpg,https://cdn.prod.website-files.com/68791e956444d53d9ef94535/687fbe3d2b4ed9e10ef6ac9e_13.pdf,https://cdn.prod.website-files.com/68791e956444d53d9ef94535/687fbe3d2b4ed9e10ef6ac9e_13.pdf
Mitsubishi Electric,Single Split,2,2.5,,MUZ-AY20VG,800,285,550,Single Phase,10,,1/4 Inch (6.35mm),3/8 Inch (9.53mm),20,0,12,0.25,0,0.55,R32,403,26,298.22,https://cdn.prod.website-files.com/68791e956444d53d9ef94535/688894a30b6cdbbf052c376c_MUZ-LN-20.jpg,https://cdn.prod.website-files.com/68791e956444d53d9ef94535/687fbe3d9f40bd4e7d856db1_14.pdf,https://cdn.prod.website-files.com/68791e956444d53d9ef94535/687fbe3d9f40bd4e7d856db1_14.pdf
Mitsubishi Electric,Single Split,2.5,3.2,,MUZ-AY25VG,800,285,550,Single Phase,10,,1/4 Inch (6.35mm),3/8 Inch (9.53mm),20,0,12,0.25,0,0.55,R32,453,26,335.22,https://cdn.prod.website-files.com/68791e956444d53d9ef94535/688894a30b6cdbbf052c376c_MUZ-LN-20.jpg,https://cdn.prod.website-files.com/68791e956444d53d9ef94535/687fbe3d9f40bd4e7d856db1_14.pdf,https://cdn.prod.website-files.com/68791e956444d53d9ef94535/687fbe3d9f40bd4e7d856db1_14.pdf
Mitsubishi Electric,Single Split,3.5,4,,MUZ-AY35VG,800,285,550,Single Phase,10,,1/4 Inch (6.35mm),3/8 Inch (9.53mm),20,0,12,0.25,0,0.55,R32,522,26,386.28,https://cdn.prod.website-files.com/68791e956444d53d9ef94535/688894a30b6cdbbf052c376c_MUZ-LN-20.jpg,https://cdn.prod.website-files.com/68791e956444d53d9ef94535/687fbe3d9f40bd4e7d856db1_14.pdf,https://cdn.prod.website-files.com/68791e956444d53d9ef94535/687fbe3d9f40bd4e7d856db1_14.pdf
Mitsubishi Electric,Single Split,4.2,5.2,,MUZ-AY42VG,800,285,550,Single Phase,10,,1/4 Inch (6.35mm),3/8 Inch (9.53mm),20,0,12,0.25,0,0.7,R32,666,26,492.84,https://cdn.prod.website-files.com/68791e956444d53d9ef94535/688894a30b6cdbbf052c376c_MUZ-LN-20.jpg,https://cdn.prod.website-files.com/68791e956444d53d9ef94535/687fbe3d9f40bd4e7d856db1_14.pdf,https://cdn.prod.website-files.com/68791e956444d53d9ef94535/687fbe3d9f40bd4e7d856db1_14.pdf
Mitsubishi Electric,Single Split,5,5.5,,MUZ-AY50VG,800,285,714,Single Phase,16,,1/4 Inch (6.35mm),3/8 Inch (9.53mm),20,0,12,0.25,0,1,R32,732,26,541.68,https://cdn.prod.website-files.com/68791e956444d53d9ef94535/688894997bc856b81205e603_MUZ-LN-30.jpg,https://cdn.prod.website-files.com/68791e956444d53d9ef94535/687fbe3d9f40bd4e7d856db1_14.pdf,https://cdn.prod.website-files.com/68791e956444d53d9ef94535/687fbe3d9f40bd4e7d856db1_14.pdf
Mitsubishi Electric,Single Split,6.1,6.8,,MUZ-AP60VG,800,285,714,Single Phase,16,,1/4 Inch (6.35mm),3/8 Inch (9.53mm),30,0,15,0.3,0,1.05,R32,763,26,564.62,https://cdn.prod.website-files.com/68791e956444d53d9ef94535/6888949c2133a4169f7b743e_MUZ-LN-50.jpg,https://cdn.prod.website-files.com/68791e956444d53d9ef94535/687fbe3d9f40bd4e7d856db1_14.pdf,https://cdn.prod.website-files.com/68791e956444d53d9ef94535/687fbe3d9f40bd4e7d856db1_14.pdf
Mitsubishi Electric,Single Split,7.1,8,,MUZ-AP71VG2,800,330,880,Single Phase,20,,1/4 Inch (6.35mm),3/8 Inch (9.53mm),30,0,15,0.3,0,1.5,R32,1054,26,779.96,https://cdn.prod.website-files.com/68791e956444d53d9ef94535/6888949c2133a4169f7b743e_MUZ-LN-50.jpg,https://cdn.prod.website-files.com/68791e956444d53d9ef94535/687fbe3d9f40bd4e7d856db1_14.pdf,https://cdn.prod.website-files.com/68791e956444d53d9ef94535/687fbe3d9f40bd4e7d856db1_14.pdf